Label,URL,Title,Description
BNEF Homepage,https://about.bnef.com/,BloombergNEF,"Opportunities generated. BloombergNEF helps you gain a clear perspective on global commodity markets and the technologies driving the transition to a lower-carbon economy. CONTACT SALES LEARN MORE Research and Data Summits Pioneers The world is rapidly moving towards a lower-carbon economy. In order to keep up — and even gain an advantage — you need a partner like BloombergNEF (BNEF) that combines insights from industry, finance, and policy. Tackle complex issues with our unbiased research, data and a network of innovators. Research and Data From quick commentary and short-term views to deep analysis and long-term forecasts, BloombergNEF research is powered by sophisticated datasets and models — and built by analysts and industry experts around the world. Our research covers commodities, power, transport, industry, buildings and agriculture sectors as well as cross-cutting technologies and sustainability issues to help business, finance, and government professionals navigate change and make informed decisions. BNEF’s research is integrated with the Bloomberg Terminal and complemented by a rich companion website. See here for more detail on our product offerings Discover future scenarios for the energy economy Report New Energy Outlook Explore innovations driving the transport industry Report Electric Vehicle Outlook Track investment trends and deal flow Report Energy Transition Investment Trends Stay on top of emerging energy transition opportunities Climatescope BNEF Summits BNEF Summits have convened leaders in energy, industry, transport, technology, finance and government since 2008. At these events, decision makers are able to generate ideas, deliver fresh insights, and make connections that help them formulate successful strategies, capitalize on technological change and shape a cleaner, more competitive future. Explore upcoming Summit events BNEF Pioneers For more than a decade, the BNEF Pioneers program has annually identified groups of game-changing technologies or innovations – each with the potential to accelerate global decarbonization and help address climate change. Pioneers can be innovators serving the energy, transport, materials, manufacturing, consumer and agriculture sectors, or providers of solutions and technologies that help increase understanding of the climate, scale up carbon capture, usage and storage, and promote climate adaptation. “We believe it is now more urgent than ever to highlight the technology gaps to reaching net-zero and the entrepreneurs addressing them.” – Claire Curry, Selection Committee Co-chair and Global Head of Technology, Industry & Innovation Research at BloombergNEF Learn more about the BNEF Pioneers program"
BNEF Jump Content,https://about.bnef.com/#that-jump-content--default,BloombergNEF,"Opportunities generated. BloombergNEF helps you gain a clear perspective on global commodity markets and the technologies driving the transition to a lower-carbon economy. CONTACT SALES LEARN MORE Research and Data Summits Pioneers The world is rapidly moving towards a lower-carbon economy. In order to keep up — and even gain an advantage — you need a partner like BloombergNEF (BNEF) that combines insights from industry, finance, and policy. Tackle complex issues with our unbiased research, data and a network of innovators. Research and Data From quick commentary and short-term views to deep analysis and long-term forecasts, BloombergNEF research is powered by sophisticated datasets and models — and built by analysts and industry experts around the world. Our research covers commodities, power, transport, industry, buildings and agriculture sectors as well as cross-cutting technologies and sustainability issues to help business, finance, and government professionals navigate change and make informed decisions. BNEF’s research is integrated with the Bloomberg Terminal and complemented by a rich companion website. See here for more detail on our product offerings Discover future scenarios for the energy economy Report New Energy Outlook Explore innovations driving the transport industry Report Electric Vehicle Outlook Track investment trends and deal flow Report Energy Transition Investment Trends Stay on top of emerging energy transition opportunities Climatescope BNEF Summits BNEF Summits have convened leaders in energy, industry, transport, technology, finance and government since 2008. At these events, decision makers are able to generate ideas, deliver fresh insights, and make connections that help them formulate successful strategies, capitalize on technological change and shape a cleaner, more competitive future. Explore upcoming Summit events BNEF Pioneers For more than a decade, the BNEF Pioneers program has annually identified groups of game-changing technologies or innovations – each with the potential to accelerate global decarbonization and help address climate change. Pioneers can be innovators serving the energy, transport, materials, manufacturing, consumer and agriculture sectors, or providers of solutions and technologies that help increase understanding of the climate, scale up carbon capture, usage and storage, and promote climate adaptation. “We believe it is now more urgent than ever to highlight the technology gaps to reaching net-zero and the entrepreneurs addressing them.” – Claire Curry, Selection Committee Co-chair and Global Head of Technology, Industry & Innovation Research at BloombergNEF Learn more about the BNEF Pioneers program"
BNEF Bloomberg Menu,https://about.bnef.com/?utm_source=bloomberg-menu&utm_medium=bnef,BloombergNEF,"Opportunities generated. BloombergNEF helps you gain a clear perspective on global commodity markets and the technologies driving the transition to a lower-carbon economy. CONTACT SALES LEARN MORE Research and Data Summits Pioneers The world is rapidly moving towards a lower-carbon economy. In order to keep up — and even gain an advantage — you need a partner like BloombergNEF (BNEF) that combines insights from industry, finance, and policy. Tackle complex issues with our unbiased research, data and a network of innovators. Research and Data From quick commentary and short-term views to deep analysis and long-term forecasts, BloombergNEF research is powered by sophisticated datasets and models — and built by analysts and industry experts around the world. Our research covers commodities, power, transport, industry, buildings and agriculture sectors as well as cross-cutting technologies and sustainability issues to help business, finance, and government professionals navigate change and make informed decisions. BNEF’s research is integrated with the Bloomberg Terminal and complemented by a rich companion website. See here for more detail on our product offerings Discover future scenarios for the energy economy Report New Energy Outlook Explore innovations driving the transport industry Report Electric Vehicle Outlook Track investment trends and deal flow Report Energy Transition Investment Trends Stay on top of emerging energy transition opportunities Climatescope BNEF Summits BNEF Summits have convened leaders in energy, industry, transport, technology, finance and government since 2008. At these events, decision makers are able to generate ideas, deliver fresh insights, and make connections that help them formulate successful strategies, capitalize on technological change and shape a cleaner, more competitive future. Explore upcoming Summit events BNEF Pioneers For more than a decade, the BNEF Pioneers program has annually identified groups of game-changing technologies or innovations – each with the potential to accelerate global decarbonization and help address climate change. Pioneers can be innovators serving the energy, transport, materials, manufacturing, consumer and agriculture sectors, or providers of solutions and technologies that help increase understanding of the climate, scale up carbon capture, usage and storage, and promote climate adaptation. “We believe it is now more urgent than ever to highlight the technology gaps to reaching net-zero and the entrepreneurs addressing them.” – Claire Curry, Selection Committee Co-chair and Global Head of Technology, Industry & Innovation Research at BloombergNEF Learn more about the BNEF Pioneers program"
BNEF Product Page,https://about.bnef.com/product/,Product | BloombergNEF | Bloomberg Finance LP,"We make the complex simple. With a team of experts spread across six continents, BNEF provides independent analysis and insight, enabling decision-makers to navigate change in an evolving energy economy. Coverage Features Product Features Access Industry coverage Our team of experts provides unique, proprietary views by looking at specific sectors in depth, as well as cross-sector and cross-geography trends and implications. Generate opportunities Leveraging industry-leading datasets, BNEF synthesizes proprietary data into clear narratives that frame the financial, economic and policy implications of industry-transforming trends and technologies. Product features Our clients have access to the combined knowledge of the full BNEF team and the most senior and diverse network of industry professionals. Access and platforms BNEF’s premium research is integrated on the Bloomberg Terminal and complemented by a rich companion website. Talk to our team to explore all our client benefits and find out how we can make your job easier. Flagship publications BNEF’s flagship reports range from long-term forecasts for the electricity sector and electric vehicles to market-leading trackers of clean energy investment figures and government policies. Explore more sample research on the blog. New Energy Outlook Explore Electric Vehicle Outlook Explore Climatescope Explore"
BNEF Blog 443258,https://about.bnef.com/blog/?tactic-page=443258,Blog | BloombergNEF,"Report Power for AI: Easier Said Than Built READ IT Report Brazil Transition Factbook 2025: The Numbers Behind the Ambition READ IT Report Calculating an Energy Supply Banking Ratio READ IT Filter by post type: All Interview Opinion Press Release Report Filter by topic Filter by Topic Filter by topic: All Batteries & Storage Carbon Offsets Clean Technologies Digitalization & IoT Electrified Transport Fossil Fuels Gas & LNG Green Finance Intelligent Mobility New Energy Outlook Power & Utilities Solar Wind Apply Filter Report Accelerating the Energy Transition in Emerging Markets Report 2025 BNEF Pioneers Finalists Tackle Light Industry Decarbonization, the Future of Energy Storage and Climate Change Adaptation Featured Energy Transition Investment Trends New Energy Outlook Electric Vehicle Outlook Global Gas and LNG Outlooks Climatescope Opinion The Energy Transition in 2025: Moving Forward or Falling Behind? Opinion Five Energy Transition Lessons for 2025 Opinion Liebreich: Generative AI – The Power and the Glory Report Latin America’s Clean Energy Build to Peak in 2024 Report 2025 BNEF Pioneers Finalists Tackle Light Industry Decarbonization, the Future of Energy Storage and Climate Change Adaptation Get the best articles delivered to your inbox monthly. Sign up for our newsletter LOAD MORE"
BNEF About 443258,https://about.bnef.com/about/?tactic-page=443258,About Us | BloombergNEF,"Access trusted expertise through BloombergNEF. BloombergNEF is a leading provider of forward-thinking primary research and analysis on the trends driving the transition to a lower-carbon economy. Overview Press Careers About BloombergNEF With a team of trusted experts across six continents, BloombergNEF (BNEF) leverages sophisticated data sets to create clear perspectives and in-depth forecasts. These are built to frame the financial, economic and policy implications of industry-transforming trends and technologies. Our approach provides independent analysis and insight through rigorous examinations of specific sectors and markets, as well as broad, cross-sector, global trends and implications. Our clients include corporate strategy and business development professionals, finance professionals as well as policy makers and regulators. We work with the largest corporations across utilities and generation, oil & gas, equipment manufacturers, banking and finance, and government. Close Previous Next Video link: https://about.bnef.com/about/?vid=195962882 Press Inquiries Contact our media team if you need a conference moderator or panelist, a source for a story, or background on a complex energy issue at bnef-media@bloomberg.com. News BNEF has been contributing to the conversation on the future of energy for more than ten years. Leading journalists from around the world rely on analysis, data and research from BNEF. See all press releases. Get press releases delivered to your inbox. To sign up, please email us at bnef-media@bloomberg.com. Careers Who thrives here You’re one part idealism, two parts pragmatism and see opportunity in economic transformation. You work independently and show initiative to develop your own viewpoints, yet collaborate effectively with colleagues. You’re capable of innovative thinking but know how to turn big ideas into real insights and impact. You can embrace both chaos and structure – whatever it takes to generate the unique perspectives our clients really value. And can picture yourself in workplace that is diverse, creative, focused and fun. Sounds like you? Join our team Look for open positions"
BNEF Summit 443258,https://about.bnef.com/summit/?tactic-page=443258,BNEF Summit | BloombergNEF | Bloomberg Finance LP,"BNEF Summit London Munich New Delhi New York San Francisco Shanghai Beijing Houston Ideas, insights and connections for a cleaner, more competitive future. The BNEF Summit has been convening leaders in energy, industry, transport, technology, finance and government since 2008, generating ideas, delivering insight, and making the connections that help them formulate successful strategies, capitalize on technological change and shape a cleaner, more competitive future."
BNEF Summit Partnership,https://about.bnef.com/summit/partnership/,Partnership | BloombergNEF | Bloomberg Finance LP,"Make powerful connections Learn more Learn Partners Become a BNEF Summit Partner BNEF Summits in London, New York, New Delhi, Munich, Shanghai and San Francisco offer Sponsors the opportunity to not only showcase their brand, but shape the conversation through their own sessions. As the economy transitions to a cleaner, more competitive future, the BNEF Summit enables Sponsors to connect with a highly select audience through a perfectly-aligned series of events in key markets around the world. Senior, engaged and well connected, BNEF Summit delegates recognise and value industry leadership – and are eager to learn from companies spearheading the long-term shift to new business models and new systems thinking. Offering a bespoke, white glove service across a range of sponsorship tiers, BNEF integrates Partners directly into the Summit agenda. Learn more about the Partner experience Get an overview of each summit and view options for getting involved. Download the brochure Ready to get involved? Want to receive more information about our summits? Contact us at bnefsummit@bloomberg.net . Hear from other Summit Partners Welcome remarks from Mitsubishi Close Previous Next Welcome remarks from Mitsubishi https://about.bnef.com/summit/london/videos/?vid=824073466 Welcome remarks from Schneider Electric Close Previous Next Welcome remarks from Schneider Electric https://about.bnef.com/summit/london/videos/?vid=824130882 Check out photo highlights from past summits . Thank you to our previous Partners and Sponsors!"
BNEF Summit Innovation Forum,https://about.bnef.com/summit/innovation-forum/,Innovation Forum | BloombergNEF | Bloomberg Finance LP,"Innovation Forum Pioneers Partners Discover the latest trends and innovations The Innovation Forum brings together BloombergNEF’s innovation community – to understand the primary challenges, latest trends, key innovations and new companies with potential to accelerate the transition to a low-carbon economy. Learn what the key business and societal challenges are. Understand the technological innovations that could solve them. Identify the companies turning visionary ideas into economic reality. Connect with community to progress at the BNEF Summit. BNEF Pioneers BNEF Pioneers is BloombergNEF’s annual climate-tech innovation competition. Every year, the Pioneers program identifies the most impactful and original technology innovations for advancing the low-carbon economy. We do this by annually awarding innovators with scalable, impactful and equitable solutions with the potential to accelerate global decarbonization and give them space at the Summit series to promote their companies. Learn more about BNEF Pioneers and discover past winners Close Previous Next 2024 BNEF Pioneers Winners Partner Organizations"
BNEF Summit London,https://about.bnef.com/summit/london/,Agenda | BloombergNEF | Bloomberg Finance LP,"BNEF Summit Where energy, finance and technology converge London | October 14-15, 2025 2024 Agenda The BNEF Summit provides the ideas, insights and connections to formulate successful strategies, capitalize on technological change and shape a cleaner, more competitive future. If you’re interested in getting involved, please email bnefsummit@bloomberg.net , submit a speaker via the speaker submission form or join the conversation using #BNEFSummit . Venue Intercontinental Hotel Park Lane One Hamilton Place, Park Lane London, W1J 7QY United Kingdom"
BNEF Summit Munich,https://about.bnef.com/summit/munich/,Agenda | BloombergNEF | Bloomberg Finance LP,"BNEF Summit Where industry, manufacturing and energy converge Munich May 20, 2025 Agenda 2025 The BNEF Summit provides the ideas, insights and connections to formulate successful strategies, capitalize on technological change and shape a cleaner, more competitive future. If you’re interested in getting involved, please email bnefsummit@bloomberg.net , submit a speaker via the speaker submission form or join the conversation using #BNEFSummit . Venue The Munich Summit will take place at the Kempinski Vier Jahreszeiten , and will also be available online."
BNEF Summit New Delhi,https://about.bnef.com/summit/newdelhi/,Agenda | BloombergNEF | Bloomberg Finance LP,"BNEF Summit Where energy, mobility and finance converge New Delhi | August 22, 2025 2024 Agenda The BNEF Summit provides the ideas, insights and connections to formulate successful strategies, capitalize on technological change and shape a cleaner, more competitive future. If you are interested in joining the BNEF Summit New Delhi 2025, please register your interest to attend. If you’re interested in getting involved, please email bnefsummit@bloomberg.net , submit a speaker via the speaker submission form or join the conversation using #BNEFSummit. Venue JW Marriott Hotel New Delhi Aerocity Asset Area 4 – Hospitality District Delhi, Aerocity, New Delhi, Delhi 110037, India"
BNEF Summit New York,https://about.bnef.com/summit/newyork/,Agenda | BloombergNEF | Bloomberg Finance LP,"BNEF Summit Where energy, finance and technology converge New York | April 29-30, 2025 2025 Agenda The BNEF Summit provides the ideas, insights and connections to formulate successful strategies, capitalize on technological change and shape a cleaner, more competitive future. If you’re interested in getting involved, please email bnefsummit@bloomberg.net , submit a speaker via the speaker submission form or join the conversation using #BNEFSummit . Venue The New York Summit will take place at the InterContinental New York Barclay and will also be available online."
BNEF Summit San Francisco,https://about.bnef.com/summit/sanfrancisco/,Agenda | BloombergNEF | Bloomberg Finance LP,"BNEF Summit Where transport, energy and technology converge San Francisco February 4-5, 2025 2025 Agenda The BNEF Summit provides the ideas, insights and connections to formulate successful strategies, capitalize on technological change and shape a cleaner, more competitive future. Below is this year’s agenda. If you’re interested in getting involved, please email bnefsummit@bloomberg.net , submit a speaker via the speaker submission form or join the conversation using #BNEFSummit . Venue The San Francisco Summit will be held in-person at the venue below as well as online: The St. Regis Hotel 125 3rd St, San Francisco"
BNEF Summit Shanghai,https://about.bnef.com/summit/shanghai/,Agenda | BloombergNEF | Bloomberg Finance LP,"BNEF Summit Where energy, industry and transport converge Shanghai | November 25-26, 2025 2024 Agenda The BNEF Summit provides the ideas, insights and connections to formulate successful strategies, capitalize on technological change and shape a cleaner, more competitive future. If you’re interested in getting involved, please email bnefsummit@bloomberg.net , submit a speaker via the speaker submission form or join the conversation using #BNEFSummit ."
BNEF Summit Beijing,https://about.bnef.com/summit/beijing/,Agenda | BloombergNEF | Bloomberg Finance LP,"BNEF Summit The Future of Energy and Mobility – China Beijing | March 20, 2025 2025 Agenda The BNEF Summit provides the ideas, insights and connections to formulate successful strategies, capitalize on technological change and shape a cleaner, more competitive future. Below is this year’s agenda. If you’re interested in getting involved, please email bnefsummit@bloomberg.net , submit a speaker via the speaker submission form or join the conversation using #BNEFSummit . Venue The BNEF Summit Beijing will take place at the Beijing Financial Street and will also be available online."
BNEF Summit Houston,https://about.bnef.com/summit/houston/,Agenda | BloombergNEF | Bloomberg Finance LP,"BNEF Summit Barrel of Tomorrow Houston | September 18, 2025 2024 Agenda The BNEF Summit provides the ideas, insights and connections to formulate successful strategies, capitalize on technological change and shape a cleaner, more competitive future. The agenda for 2025 will be announced shortly. Below is this year’s agenda. If you’re interested in getting involved, please email bnefsummit@bloomberg.net , submit a speaker via the speaker submission form or join the conversation using #BNEFSummit . Venue The BNEF Summit Houston will take place at the Post Oak Hotel and will also be available online."
BNEF Contact 443258,https://about.bnef.com/contact/?tactic-page=443258,Contact | BloombergNEF | Bloomberg Finance LP,"AMER + 1 212 617 4050 EMEA + 44 20 3216 4704 APAC + 81 3 3201 3112 To find out how to become a client or to schedule a demo please enter your details below or contact our team directly. Contact our media team if you would like to speak to a BNEF expert for a news story, source BloombergNEF research in your own work or need a conference moderator or panelist, at bnef-media@bloomberg.com First name Last name Business email Business phone ‍ - United States (+1) United Kingdom (+44) Afghanistan (+93) Albania (+355) Algeria (+213) Andorra (+376) Angola (+244) Anguilla (+1) Antigua and Barbuda (+1) Argentina (+54) Armenia (+374) Australia (+61) Austria (+43) Azerbaijan (+994) Bahamas (+1) Bahrain (+973) Bangladesh (+880) Barbados (+1) Belgium (+32) Belize (+501) Bermuda (+1) Bhutan (+975) Bolivia (+591) Bosnia and Herzegovina (+387) Botswana (+267) Brazil (+55) Brunei (+673) Bulgaria (+359) Burkina Faso (+226) Burundi (+257) Cambodia (+855) Cameroon (+237) Canada (+1) Cape Verde (+238) Cayman Island (+1) Central African Republic (+236) Chile (+56) China (+86) Colombia (+57) Congo (+242) Costa Rica (+506) Cote D'ivoire (+225) Croatia (+385) Cyprus (+357) Czech Republic (+420) Denmark (+45) Dominica (+1) Dominican Republic (+1) Ecuador (+593) Egypt (+20) El Salvador (+503) Equatorial Guinea (+240) Estonia (+372) Eswatini (+268) Ethiopia (+251) Faroe Islands (+298) Fiji (+679) Finland (+358) France (+33) French Guiana (+594) French Polynesia (+689) Gabon (+241) Gambia (+1) Georgia (+995) Germany (+49) Ghana (+233) Gibraltar (+350) Greece (+30) Greenland (+299) Grenada (+1) Guam (+1) Guatemala (+502) Guinea (+224) Guyana (+592) Haiti (+509) Holy See (Vatican City State) (+39) Honduras (+504) Hong Kong (+852) Hungary (+36) Iceland (+354) India (+91) Indonesia (+62) Iraq (+964) Ireland (+353) Israel (+972) Italy (+39) Jamaica (+1) Japan (+81) Jordan (+962) Kazakhstan (+7) Kenya (+254) Kuwait (+965) Kyrgyzstan (+996) Laos (+856) Latvia (+371) Lebanon (+961) Lesotho (+266) Liberia (+231) Libya (+218) Liechtenstein (+423) Lithuania (+370) Luxembourg (+352) Macau (+853) Macedonia (+389) Madagascar (+261) Malawi (+265) Malaysia (+60) Maldives (+960) Mali (+223) Malta (+356) Marshall Islands (+1) Mauritania (+222) Mauritius (+230) Mexico (+52) Moldova (+373) Monaco (+377) Mongolia (+976) Montenegro (+382) Morocco (+212) Mozambique (+258) Myanmar (+95) Namibia (+264) Nepal (+977) Netherlands (+31) New Zealand (+64) Nicaragua (+505) Niger (+227) Nigeria (+234) Norway (+47) Oman (+968) Pakistan (+92) Palau (+680) Panama (+507) Papua New Guinea (+675) Paraguay (+595) Peru (+51) Philippines (+63) Poland (+48) Portugal (+351) Qatar (+974) Romania (+40) Rwanda (+250) Saint Kitts and Nevis (+1) Saint Lucia (+1) Saint Vincent and the Grenadines (+1) Samoa (+685) San Marino (+378) Saudi Arabia (+966) Senegal (+221) Serbia (+381) Seychelles (+248) Sierra Leone (+232) Singapore (+65) Sint Maarten (+1) Slovakia (+421) Slovenia (+386) Solomon Islands (+677) Somalia (+252) South Africa (+27) South Korea (+82) Spain (+34) Sri Lanka (+94) Sudan (+249) Suriname (+597) Sweden (+46) Switzerland (+41) Taiwan (+886) Tajikistan (+992) Tanzania (+255) Thailand (+66) Timor-Leste (+670) Togo (+228) Tonga (+676) Trinidad and Tobago (+1) Tunisia (+216) Turkey (+90) Turkmenistan (+993) Turks and Caicos (+1) Uganda (+256) Ukraine (+380) United Arab Emirates (+971) Uruguay (+598) Uzbekistan (+998) Vanuatu (+678) Venezuela (+58) Vietnam (+84) Yemen (+967) Zambia (+260) Zimbabwe (+263) Job role Select one Accountant / Controller Administrative / Assistant Analyst Application Developer Application Owner Back Office Broker Business Development / Sales Business Manager Capital Markets Cash Manager Chief Compliance Officer Chief Data Officer Chief Diversity Officer Chief Executive Officer Chief Financial Officer Chief Information Officer Chief Investment Officer Chief of Staff Chief Operating Officer Chief Risk Officer Chief Sustainability Officer Chief Technology Officer Client Services Collateral Management Compliance Consultant Control Owner Corporate Access Corporate Communications Corporate Development Corporate Finance Desk Head Development / Fundraiser Economist Engineer Enterprise Architect Executive Officer Faculty Financial Advisor Global Head Government Affairs Government Contracting Government Official Head of Digital Insurance Underwriter Intern Investment Banker Investor Relations Lawyer Loan Officer Market Data / Technology Market Maker Marketing Media Middle Office News Editor Originator Portfolio Manager Prime Broker Private Banker Private Equity Procurement Product Control Product Manager Professor Project Manager Proprietary Trader Quant Recruiter Regional Head Registered Investment Advisor Regulatory Reporting Research Admin Research Sales Risk Manager Sales Assistant / Trading Assistant Sales Support Sales Trader Salesperson Securities Lending Settlements Strategist Structurer Student Syndicator System Administrator Technical Support Technology Trade Support Trader Treasurer Venture Capitalist Not Applicable University Company Industry Segment Select One Asset Management Corporate Finance Corporate - Energy Corporate - Industrial Corporate - Other Government Body NGO/Industry Association Project Development Project Finance Service Provider Trader/Broker Utility/Power Generation Venture Capital/Private Equity City Country/Region Select one United States United Kingdom Afghanistan Albania Algeria Andorra Angola Anguilla Antigua and Barbuda Argentina Armenia Australia Austria Azerbaijan Bahamas Bahrain Bangladesh Barbados Belgium Belize Bermuda Bhutan Bolivia Bosnia and Herzegovina Botswana Brazil Brunei Bulgaria Burkina Faso Burundi Cambodia Cameroon Canada Cape Verde Cayman Island Central African Republic Chile China Colombia Congo Costa Rica Cote D'ivoire Croatia Cyprus Czech Republic Denmark Dominica Dominican Republic Ecuador Egypt El Salvador Equatorial Guinea Estonia Eswatini Ethiopia Faroe Islands Fiji Finland France French Guiana French Polynesia Gabon Gambia Georgia Germany Ghana Gibraltar Greece Greenland Grenada Guam Guatemala Guinea Guyana Haiti Holy See (Vatican City State) Honduras Hong Kong Hungary Iceland India Indonesia Iraq Ireland Israel Italy Jamaica Japan Jordan Kazakhstan Kenya Kuwait Kyrgyzstan Laos Latvia Lebanon Lesotho Liberia Libya Liechtenstein Lithuania Luxembourg Macau Macedonia Madagascar Malawi Malaysia Maldives Mali Malta Marshall Islands Mauritania Mauritius Mexico Moldova Monaco Mongolia Montenegro Morocco Mozambique Myanmar Namibia Nepal Netherlands New Zealand Nicaragua Niger Nigeria Norway Oman Pakistan Palau Panama Papua New Guinea Paraguay Peru Philippines Poland Portugal Qatar Romania Rwanda Saint Kitts and Nevis Saint Lucia Saint Vincent and the Grenadines Samoa San Marino Saudi Arabia Senegal Serbia Seychelles Sierra Leone Singapore Sint Maarten Slovakia Slovenia Solomon Islands Somalia South Africa South Korea Spain Sri Lanka Sudan Suriname Sweden Switzerland Taiwan Tajikistan Tanzania Thailand Timor-Leste Togo Tonga Trinidad and Tobago Tunisia Turkey Turkmenistan Turks and Caicos Uganda Ukraine United Arab Emirates Uruguay Uzbekistan Vanuatu Venezuela Vietnam Yemen Zambia Zimbabwe State/Province Option 1 Option 2 Option 3 What are you interested in? By submitting this information, I agree to the privacy policy and to learn more about products and services from Bloomberg. This site is protected by reCAPTCHA and the Google Privacy Policy and Terms of Service apply. Submit Contact sales New York: +1-212-617-4050 London: +44-20-3216-4704 Tokyo: +81-3-3201-3112 Beijing: +86-10-6649-7209 Hong Kong: +852-2977-6000 Seoul: +82-2-3702-1600 Singapore: +65-6212-1000 Sydney: +61-2-9777-8600"
BNEF Contact,https://about.bnef.com/contact,Contact | BloombergNEF | Bloomberg Finance LP,"AMER + 1 212 617 4050 EMEA + 44 20 3216 4704 APAC + 81 3 3201 3112 To find out how to become a client or to schedule a demo please enter your details below or contact our team directly. Contact our media team if you would like to speak to a BNEF expert for a news story, source BloombergNEF research in your own work or need a conference moderator or panelist, at bnef-media@bloomberg.com First name Last name Business email Business phone ‍ - United States (+1) United Kingdom (+44) Afghanistan (+93) Albania (+355) Algeria (+213) Andorra (+376) Angola (+244) Anguilla (+1) Antigua and Barbuda (+1) Argentina (+54) Armenia (+374) Australia (+61) Austria (+43) Azerbaijan (+994) Bahamas (+1) Bahrain (+973) Bangladesh (+880) Barbados (+1) Belgium (+32) Belize (+501) Bermuda (+1) Bhutan (+975) Bolivia (+591) Bosnia and Herzegovina (+387) Botswana (+267) Brazil (+55) Brunei (+673) Bulgaria (+359) Burkina Faso (+226) Burundi (+257) Cambodia (+855) Cameroon (+237) Canada (+1) Cape Verde (+238) Cayman Island (+1) Central African Republic (+236) Chile (+56) China (+86) Colombia (+57) Congo (+242) Costa Rica (+506) Cote D'ivoire (+225) Croatia (+385) Cyprus (+357) Czech Republic (+420) Denmark (+45) Dominica (+1) Dominican Republic (+1) Ecuador (+593) Egypt (+20) El Salvador (+503) Equatorial Guinea (+240) Estonia (+372) Eswatini (+268) Ethiopia (+251) Faroe Islands (+298) Fiji (+679) Finland (+358) France (+33) French Guiana (+594) French Polynesia (+689) Gabon (+241) Gambia (+1) Georgia (+995) Germany (+49) Ghana (+233) Gibraltar (+350) Greece (+30) Greenland (+299) Grenada (+1) Guam (+1) Guatemala (+502) Guinea (+224) Guyana (+592) Haiti (+509) Holy See (Vatican City State) (+39) Honduras (+504) Hong Kong (+852) Hungary (+36) Iceland (+354) India (+91) Indonesia (+62) Iraq (+964) Ireland (+353) Israel (+972) Italy (+39) Jamaica (+1) Japan (+81) Jordan (+962) Kazakhstan (+7) Kenya (+254) Kuwait (+965) Kyrgyzstan (+996) Laos (+856) Latvia (+371) Lebanon (+961) Lesotho (+266) Liberia (+231) Libya (+218) Liechtenstein (+423) Lithuania (+370) Luxembourg (+352) Macau (+853) Macedonia (+389) Madagascar (+261) Malawi (+265) Malaysia (+60) Maldives (+960) Mali (+223) Malta (+356) Marshall Islands (+1) Mauritania (+222) Mauritius (+230) Mexico (+52) Moldova (+373) Monaco (+377) Mongolia (+976) Montenegro (+382) Morocco (+212) Mozambique (+258) Myanmar (+95) Namibia (+264) Nepal (+977) Netherlands (+31) New Zealand (+64) Nicaragua (+505) Niger (+227) Nigeria (+234) Norway (+47) Oman (+968) Pakistan (+92) Palau (+680) Panama (+507) Papua New Guinea (+675) Paraguay (+595) Peru (+51) Philippines (+63) Poland (+48) Portugal (+351) Qatar (+974) Romania (+40) Rwanda (+250) Saint Kitts and Nevis (+1) Saint Lucia (+1) Saint Vincent and the Grenadines (+1) Samoa (+685) San Marino (+378) Saudi Arabia (+966) Senegal (+221) Serbia (+381) Seychelles (+248) Sierra Leone (+232) Singapore (+65) Sint Maarten (+1) Slovakia (+421) Slovenia (+386) Solomon Islands (+677) Somalia (+252) South Africa (+27) South Korea (+82) Spain (+34) Sri Lanka (+94) Sudan (+249) Suriname (+597) Sweden (+46) Switzerland (+41) Taiwan (+886) Tajikistan (+992) Tanzania (+255) Thailand (+66) Timor-Leste (+670) Togo (+228) Tonga (+676) Trinidad and Tobago (+1) Tunisia (+216) Turkey (+90) Turkmenistan (+993) Turks and Caicos (+1) Uganda (+256) Ukraine (+380) United Arab Emirates (+971) Uruguay (+598) Uzbekistan (+998) Vanuatu (+678) Venezuela (+58) Vietnam (+84) Yemen (+967) Zambia (+260) Zimbabwe (+263) Job role Select one Accountant / Controller Administrative / Assistant Analyst Application Developer Application Owner Back Office Broker Business Development / Sales Business Manager Capital Markets Cash Manager Chief Compliance Officer Chief Data Officer Chief Diversity Officer Chief Executive Officer Chief Financial Officer Chief Information Officer Chief Investment Officer Chief of Staff Chief Operating Officer Chief Risk Officer Chief Sustainability Officer Chief Technology Officer Client Services Collateral Management Compliance Consultant Control Owner Corporate Access Corporate Communications Corporate Development Corporate Finance Desk Head Development / Fundraiser Economist Engineer Enterprise Architect Executive Officer Faculty Financial Advisor Global Head Government Affairs Government Contracting Government Official Head of Digital Insurance Underwriter Intern Investment Banker Investor Relations Lawyer Loan Officer Market Data / Technology Market Maker Marketing Media Middle Office News Editor Originator Portfolio Manager Prime Broker Private Banker Private Equity Procurement Product Control Product Manager Professor Project Manager Proprietary Trader Quant Recruiter Regional Head Registered Investment Advisor Regulatory Reporting Research Admin Research Sales Risk Manager Sales Assistant / Trading Assistant Sales Support Sales Trader Salesperson Securities Lending Settlements Strategist Structurer Student Syndicator System Administrator Technical Support Technology Trade Support Trader Treasurer Venture Capitalist Not Applicable University Company Industry Segment Select One Asset Management Corporate Finance Corporate - Energy Corporate - Industrial Corporate - Other Government Body NGO/Industry Association Project Development Project Finance Service Provider Trader/Broker Utility/Power Generation Venture Capital/Private Equity City Country/Region Select one United States United Kingdom Afghanistan Albania Algeria Andorra Angola Anguilla Antigua and Barbuda Argentina Armenia Australia Austria Azerbaijan Bahamas Bahrain Bangladesh Barbados Belgium Belize Bermuda Bhutan Bolivia Bosnia and Herzegovina Botswana Brazil Brunei Bulgaria Burkina Faso Burundi Cambodia Cameroon Canada Cape Verde Cayman Island Central African Republic Chile China Colombia Congo Costa Rica Cote D'ivoire Croatia Cyprus Czech Republic Denmark Dominica Dominican Republic Ecuador Egypt El Salvador Equatorial Guinea Estonia Eswatini Ethiopia Faroe Islands Fiji Finland France French Guiana French Polynesia Gabon Gambia Georgia Germany Ghana Gibraltar Greece Greenland Grenada Guam Guatemala Guinea Guyana Haiti Holy See (Vatican City State) Honduras Hong Kong Hungary Iceland India Indonesia Iraq Ireland Israel Italy Jamaica Japan Jordan Kazakhstan Kenya Kuwait Kyrgyzstan Laos Latvia Lebanon Lesotho Liberia Libya Liechtenstein Lithuania Luxembourg Macau Macedonia Madagascar Malawi Malaysia Maldives Mali Malta Marshall Islands Mauritania Mauritius Mexico Moldova Monaco Mongolia Montenegro Morocco Mozambique Myanmar Namibia Nepal Netherlands New Zealand Nicaragua Niger Nigeria Norway Oman Pakistan Palau Panama Papua New Guinea Paraguay Peru Philippines Poland Portugal Qatar Romania Rwanda Saint Kitts and Nevis Saint Lucia Saint Vincent and the Grenadines Samoa San Marino Saudi Arabia Senegal Serbia Seychelles Sierra Leone Singapore Sint Maarten Slovakia Slovenia Solomon Islands Somalia South Africa South Korea Spain Sri Lanka Sudan Suriname Sweden Switzerland Taiwan Tajikistan Tanzania Thailand Timor-Leste Togo Tonga Trinidad and Tobago Tunisia Turkey Turkmenistan Turks and Caicos Uganda Ukraine United Arab Emirates Uruguay Uzbekistan Vanuatu Venezuela Vietnam Yemen Zambia Zimbabwe State/Province Option 1 Option 2 Option 3 What are you interested in? By submitting this information, I agree to the privacy policy and to learn more about products and services from Bloomberg. This site is protected by reCAPTCHA and the Google Privacy Policy and Terms of Service apply. Submit Contact sales New York: +1-212-617-4050 London: +44-20-3216-4704 Tokyo: +81-3-3201-3112 Beijing: +86-10-6649-7209 Hong Kong: +852-2977-6000 Seoul: +82-2-3702-1600 Singapore: +65-6212-1000 Sydney: +61-2-9777-8600"
BNEF Product,https://about.bnef.com/product,Product | BloombergNEF | Bloomberg Finance LP,"We make the complex simple. With a team of experts spread across six continents, BNEF provides independent analysis and insight, enabling decision-makers to navigate change in an evolving energy economy. Coverage Features Product Features Access Industry coverage Our team of experts provides unique, proprietary views by looking at specific sectors in depth, as well as cross-sector and cross-geography trends and implications. Generate opportunities Leveraging industry-leading datasets, BNEF synthesizes proprietary data into clear narratives that frame the financial, economic and policy implications of industry-transforming trends and technologies. Product features Our clients have access to the combined knowledge of the full BNEF team and the most senior and diverse network of industry professionals. Access and platforms BNEF’s premium research is integrated on the Bloomberg Terminal and complemented by a rich companion website. Talk to our team to explore all our client benefits and find out how we can make your job easier. Flagship publications BNEF’s flagship reports range from long-term forecasts for the electricity sector and electric vehicles to market-leading trackers of clean energy investment figures and government policies. Explore more sample research on the blog. New Energy Outlook Explore Electric Vehicle Outlook Explore Climatescope Explore"
BNEF Research and Data,https://about.bnef.com/#toc-researchanddata,BloombergNEF,"Opportunities generated. BloombergNEF helps you gain a clear perspective on global commodity markets and the technologies driving the transition to a lower-carbon economy. CONTACT SALES LEARN MORE Research and Data Summits Pioneers The world is rapidly moving towards a lower-carbon economy. In order to keep up — and even gain an advantage — you need a partner like BloombergNEF (BNEF) that combines insights from industry, finance, and policy. Tackle complex issues with our unbiased research, data and a network of innovators. Research and Data From quick commentary and short-term views to deep analysis and long-term forecasts, BloombergNEF research is powered by sophisticated datasets and models — and built by analysts and industry experts around the world. Our research covers commodities, power, transport, industry, buildings and agriculture sectors as well as cross-cutting technologies and sustainability issues to help business, finance, and government professionals navigate change and make informed decisions. BNEF’s research is integrated with the Bloomberg Terminal and complemented by a rich companion website. See here for more detail on our product offerings Discover future scenarios for the energy economy Report New Energy Outlook Explore innovations driving the transport industry Report Electric Vehicle Outlook Track investment trends and deal flow Report Energy Transition Investment Trends Stay on top of emerging energy transition opportunities Climatescope BNEF Summits BNEF Summits have convened leaders in energy, industry, transport, technology, finance and government since 2008. At these events, decision makers are able to generate ideas, deliver fresh insights, and make connections that help them formulate successful strategies, capitalize on technological change and shape a cleaner, more competitive future. Explore upcoming Summit events BNEF Pioneers For more than a decade, the BNEF Pioneers program has annually identified groups of game-changing technologies or innovations – each with the potential to accelerate global decarbonization and help address climate change. Pioneers can be innovators serving the energy, transport, materials, manufacturing, consumer and agriculture sectors, or providers of solutions and technologies that help increase understanding of the climate, scale up carbon capture, usage and storage, and promote climate adaptation. “We believe it is now more urgent than ever to highlight the technology gaps to reaching net-zero and the entrepreneurs addressing them.” – Claire Curry, Selection Committee Co-chair and Global Head of Technology, Industry & Innovation Research at BloombergNEF Learn more about the BNEF Pioneers program"
BNEF Summits,https://about.bnef.com/#toc-summits,BloombergNEF,"Opportunities generated. BloombergNEF helps you gain a clear perspective on global commodity markets and the technologies driving the transition to a lower-carbon economy. CONTACT SALES LEARN MORE Research and Data Summits Pioneers The world is rapidly moving towards a lower-carbon economy. In order to keep up — and even gain an advantage — you need a partner like BloombergNEF (BNEF) that combines insights from industry, finance, and policy. Tackle complex issues with our unbiased research, data and a network of innovators. Research and Data From quick commentary and short-term views to deep analysis and long-term forecasts, BloombergNEF research is powered by sophisticated datasets and models — and built by analysts and industry experts around the world. Our research covers commodities, power, transport, industry, buildings and agriculture sectors as well as cross-cutting technologies and sustainability issues to help business, finance, and government professionals navigate change and make informed decisions. BNEF’s research is integrated with the Bloomberg Terminal and complemented by a rich companion website. See here for more detail on our product offerings Discover future scenarios for the energy economy Report New Energy Outlook Explore innovations driving the transport industry Report Electric Vehicle Outlook Track investment trends and deal flow Report Energy Transition Investment Trends Stay on top of emerging energy transition opportunities Climatescope BNEF Summits BNEF Summits have convened leaders in energy, industry, transport, technology, finance and government since 2008. At these events, decision makers are able to generate ideas, deliver fresh insights, and make connections that help them formulate successful strategies, capitalize on technological change and shape a cleaner, more competitive future. Explore upcoming Summit events BNEF Pioneers For more than a decade, the BNEF Pioneers program has annually identified groups of game-changing technologies or innovations – each with the potential to accelerate global decarbonization and help address climate change. Pioneers can be innovators serving the energy, transport, materials, manufacturing, consumer and agriculture sectors, or providers of solutions and technologies that help increase understanding of the climate, scale up carbon capture, usage and storage, and promote climate adaptation. “We believe it is now more urgent than ever to highlight the technology gaps to reaching net-zero and the entrepreneurs addressing them.” – Claire Curry, Selection Committee Co-chair and Global Head of Technology, Industry & Innovation Research at BloombergNEF Learn more about the BNEF Pioneers program"
BNEF Pioneers,https://about.bnef.com/#toc-pioneers,BloombergNEF,"Opportunities generated. BloombergNEF helps you gain a clear perspective on global commodity markets and the technologies driving the transition to a lower-carbon economy. CONTACT SALES LEARN MORE Research and Data Summits Pioneers The world is rapidly moving towards a lower-carbon economy. In order to keep up — and even gain an advantage — you need a partner like BloombergNEF (BNEF) that combines insights from industry, finance, and policy. Tackle complex issues with our unbiased research, data and a network of innovators. Research and Data From quick commentary and short-term views to deep analysis and long-term forecasts, BloombergNEF research is powered by sophisticated datasets and models — and built by analysts and industry experts around the world. Our research covers commodities, power, transport, industry, buildings and agriculture sectors as well as cross-cutting technologies and sustainability issues to help business, finance, and government professionals navigate change and make informed decisions. BNEF’s research is integrated with the Bloomberg Terminal and complemented by a rich companion website. See here for more detail on our product offerings Discover future scenarios for the energy economy Report New Energy Outlook Explore innovations driving the transport industry Report Electric Vehicle Outlook Track investment trends and deal flow Report Energy Transition Investment Trends Stay on top of emerging energy transition opportunities Climatescope BNEF Summits BNEF Summits have convened leaders in energy, industry, transport, technology, finance and government since 2008. At these events, decision makers are able to generate ideas, deliver fresh insights, and make connections that help them formulate successful strategies, capitalize on technological change and shape a cleaner, more competitive future. Explore upcoming Summit events BNEF Pioneers For more than a decade, the BNEF Pioneers program has annually identified groups of game-changing technologies or innovations – each with the potential to accelerate global decarbonization and help address climate change. Pioneers can be innovators serving the energy, transport, materials, manufacturing, consumer and agriculture sectors, or providers of solutions and technologies that help increase understanding of the climate, scale up carbon capture, usage and storage, and promote climate adaptation. “We believe it is now more urgent than ever to highlight the technology gaps to reaching net-zero and the entrepreneurs addressing them.” – Claire Curry, Selection Committee Co-chair and Global Head of Technology, Industry & Innovation Research at BloombergNEF Learn more about the BNEF Pioneers program"
BNEF Report Category,https://about.bnef.com/blog/category/report/,Report Archives | BloombergNEF,"Category: Report April 15 2025 Power for AI: Easier Said Than Built The surge of Artificial Intelligence (AI) is turning data centers into giant energy users. They are outpacing electric vehicles, hydrogen and other emerging sectors in power demand growth. By 2035, data centers are projected to account for 8.6% of all US electricity demand, more than double their 3.5% share today. March 31 2025 Brazil Transition Factbook 2025: The Numbers Behind the Ambition The 2025 edition of the Brazil Transition Factbook, produced by BloombergNEF and commissioned by Bloomberg Philanthropies, aims to support policy, business and investment professionals by making available key data about the country’s energy transition. March 13 2025 Calculating an Energy Supply Banking Ratio Getting on track to limit global warming to 1.5C hinges on investment in low-carbon energy supply averaging four times that in fossil fuels this decade. That balance – known as the Energy Supply Investment Ratio – is based on BloombergNEF's analysis of commonly referenced climate scenarios from intergovernmental institutions such as the International Energy Agency. March 13 2025 Accelerating the Energy Transition in Emerging Markets Accelerating the Energy Transition in Emerging Markets report explores how the Climate Investment Funds (CIF) can help unlock investment flows in and to emerging markets. Focusing on five key technologies – solar, on- and offshore wind, batteries and clean hydrogen – the report considers how targeted interventions can drive down costs, speed buildout and establish an environment conducive to these technologies’ deployment. March 6 2025 2025 BNEF Pioneers Finalists Tackle Light Industry Decarbonization, the Future of Energy Storage and Climate Change Adaptation Each year, BloombergNEF runs the BNEF Pioneers competition to identify three key challenges in building towards a net-zero economy and highlight innovative companies developing technologies to overcome these challenges. January 29 2025 Third Annual Energy Supply Investment and Banking Ratios The energy industry is shifting more of its investments into cleaner sources of supply. Bank financing for low-carbon energy supply technologies reached 95% of that for fossil fuels in 2023 – meaning that for every dollar that went to oil, natural gas and coal, 95 cents went into things like wind and solar. December 19 2024 Latin America’s EVs Get a Big Boost From Chinese Carmakers Passenger EV adoption in Latin America has long been sluggish, held back by high upfront prices for electric cars. Yet with the arrival of affordable Chinese models from automakers such as BYD, EV adoption is accelerating. Sales have doubled year-on-year, and the EV share of new car sales passed 6% this year – up from just 2% two years ago. December 2 2024 Latin America’s Clean Energy Build to Peak in 2024 Wind and solar installations in Latin America have been on a dramatic growth trajectory. Small-scale solar build in Brazil has driven the market to quintuple over the past five years, and new energy bills in Argentina and Mexico promise to promote clean energy investments. November 21 2024 Five Ways Climate Change Is Remaking US Energy Markets Changing weather can throw commodities markets off balance, snarl supply chains and distort the prices of energy commodities. This BloombergNEF analysis looks at five of the impacts of these shifting weather patterns are already playing out in energy and commodity markets today November 19 2024 Did You Spot a New EV in Brazil? It’s Probably Chinese Chinese EV manufacturers captured 89% of Brazil's EV sales, owing to demand growth, no political trade barriers, and the strategic focus on emerging markets, solidifying their first-mover advantage. LOAD MORE"
BNEF New Energy Outlook,https://about.bnef.com/new-energy-outlook/,New Energy Outlook 2025 | BloombergNEF | Bloomberg Finance LP,"New Energy Outlook 2025 Get the executive summary New Energy Outlook 2025 Get the executive summary The New Energy Outlook presents BloombergNEF’s long-term energy and climate scenarios for the transition to a low-carbon economy. Anchored in real-world sector and country transitions, it provides an independent set of credible scenarios covering electricity, industry, buildings and transport, and the key drivers shaping these sectors until 2050. The 2025 edition presents a new, updated base-case scenario and a deep dive into key trends affecting the energy transition in the next 10 years to support corporations, financial institutions and policymakers navigating the energy transition. This edition includes analysis on data-center power demand, changed policy assumptions in some key geographic areas, and updated cost estimates for both clean and fossil energy. Enter your details below to download the Executive Summary as well as the Public Benchmark Dataset. NEO 2025 Executive Summary Investors and businesses navigating the energy transition face rising complexity and uncertainty against a backdrop of elevated policy risk and geopolitical tension. Yet key clean energy technologies continue to enjoy strong fundamentals, with favorable economics and rising technology maturity driving adoption in diverse geographies across the globe. At the same time, accelerated power demand growth from rising adoption of artificial intelligence presents both a challenge and an opportunity. Strong fundamentals underpin growth in renewables and EVs Oil and coal face decline, though the speed is uncertain Oil demand in the report’s base-case ‘Economic Transition Scenario’ peaks in 2032 at 104 million barrels per day, with road fuel peaking a few years earlier. Demand ultimately drops to 88 million barrels per day by 2050 – a significant decline from today, but far from the drop required to get on track for net zero. Outside of road transport, oil consumption remains resilient, with a doubling of demand for aviation and strong growth in petrochemicals through 2050. Coal demand in the Economic Transition Scenario falls rapidly as cost-competitive renewables and gas displace its use in the power sector. Natural gas is the only fuel that sees long-term growth. Global demand increases 25% from 2024 to 2050, reaching 5,449 billion cubic meters due to lower long-term fuel price expectations and higher electricity demand from data centers. The base-case outlook contrasts sharply with the Net Zero Scenario from 2024, which sees gas demand dropping steeply in the near term and roughly halving by mid-century. There are thus highly divergent futures possible for natural gas, and its role in the energy transition will look very different depending on which kind of transition trajectory is in play in a given region. Fossil-fuel demand by sector, Economic Transition Scenario Source: BloombergNEF . Note: ‘NZS 2024’ is the Net Zero Scenario from NEO 2024. Megatons are metric and assume a 6,000kcal/kilogram energy content. ‘b.’ refers to buildings. We have revised upward historical oil demand in NEO 2025 compared to NEO 2024 scenarios, as we now account more accurately for oil use for non-energy purposes outside the petrochemical industry. Global emissions set to begin their long descent Energy-related CO2 emissions have risen globally in most years since the 1950s, but clean energy additions appear finally to have caught up with energy-demand growth. Our modeling indicates that 2024 may have been the peak year for emissions, meaning that 2025 could be the first year of structural emissions decline (excepting unusual years such as 2020 or 2009). While many individual advanced economies have already seen structural emissions declines induced by the growth of clean energy, this would be the first time such a moment has been observed at the global level. CO2 emissions reductions from fuel combustion by measures adopted, Economic Transition Scenario versus ‘no-transition’ scenario and Net Zero Scenario Source: BloombergNEF . Note: The ‘no transition’ scenario is a hypothetical counterfactual that models no further improvement in decarbonization and energy efficiency. In power and transport, it assumes that the future fuel mix does not evolve from 2023 (2027 in shipping). ‘Clean power’ includes renewables and nuclear, and excludes carbon capture and storage (CCS), hydrogen and bioenergy, which are allocated to their respective categories. ‘Energy efficiency’ includes demand-side efficiency gains. ‘NZS 2024’ is the Net Zero Scenario from NEO 2024. Download the Executive Summary and Sample Data Enter your details below to download the Executive Summary and/or the Public Benchmark Dataset. Bloomberg clients can access the Full Report and the Client Benchmark Dataset . First name Last name Company Job role Select one Accountant / Controller Administrative / Assistant Analyst Application Developer Application Owner Back Office Broker Business Development / Sales Business Manager Capital Markets Cash Manager Chief Compliance Officer Chief Data Officer Chief Diversity Officer Chief Executive Officer Chief Financial Officer Chief Information Officer Chief Investment Officer Chief of Staff Chief Operating Officer Chief Risk Officer Chief Sustainability Officer Chief Technology Officer Client Services Collateral Management Compliance Consultant Control Owner Corporate Access Corporate Communications Corporate Development Corporate Finance Desk Head Development / Fundraiser Economist Engineer Enterprise Architect Executive Officer Faculty Financial Advisor Global Head Government Affairs Government Contracting Government Official Head of Digital Insurance Underwriter Intern Investment Banker Investor Relations Lawyer Loan Officer Market Data / Technology Market Maker Marketing Media Middle Office News Editor Originator Portfolio Manager Prime Broker Private Banker Private Equity Procurement Product Control Product Manager Professor Project Manager Proprietary Trader Quant Recruiter Regional Head Registered Investment Advisor Regulatory Reporting Research Admin Research Sales Risk Manager Sales Assistant / Trading Assistant Sales Support Sales Trader Salesperson Securities Lending Settlements Strategist Structurer Student Syndicator System Administrator Technical Support Technology Trade Support Trader Treasurer Venture Capitalist Not Applicable Business phone ‍ - United States (+1) United Kingdom (+44) Afghanistan (+93) Albania (+355) Algeria (+213) Andorra (+376) Angola (+244) Anguilla (+1) Antigua and Barbuda (+1) Argentina (+54) Armenia (+374) Australia (+61) Austria (+43) Azerbaijan (+994) Bahamas (+1) Bahrain (+973) Bangladesh (+880) Barbados (+1) Belgium (+32) Belize (+501) Bermuda (+1) Bhutan (+975) Bolivia (+591) Bosnia and Herzegovina (+387) Botswana (+267) Brazil (+55) Brunei (+673) Bulgaria (+359) Burkina Faso (+226) Burundi (+257) Cambodia (+855) Cameroon (+237) Canada (+1) Cape Verde (+238) Cayman Island (+1) Central African Republic (+236) Chile (+56) China (+86) Colombia (+57) Congo (+242) Costa Rica (+506) Cote D'ivoire (+225) Croatia (+385) Cyprus (+357) Czech Republic (+420) Denmark (+45) Dominica (+1) Dominican Republic (+1) Ecuador (+593) Egypt (+20) El Salvador (+503) Equatorial Guinea (+240) Estonia (+372) Eswatini (+268) Ethiopia (+251) Faroe Islands (+298) Fiji (+679) Finland (+358) France (+33) French Guiana (+594) French Polynesia (+689) Gabon (+241) Gambia (+1) Georgia (+995) Germany (+49) Ghana (+233) Gibraltar (+350) Greece (+30) Greenland (+299) Grenada (+1) Guam (+1) Guatemala (+502) Guinea (+224) Guyana (+592) Haiti (+509) Holy See (Vatican City State) (+39) Honduras (+504) Hong Kong (+852) Hungary (+36) Iceland (+354) India (+91) Indonesia (+62) Iraq (+964) Ireland (+353) Israel (+972) Italy (+39) Jamaica (+1) Japan (+81) Jordan (+962) Kazakhstan (+7) Kenya (+254) Kuwait (+965) Kyrgyzstan (+996) Laos (+856) Latvia (+371) Lebanon (+961) Lesotho (+266) Liberia (+231) Libya (+218) Liechtenstein (+423) Lithuania (+370) Luxembourg (+352) Macau (+853) Macedonia (+389) Madagascar (+261) Malawi (+265) Malaysia (+60) Maldives (+960) Mali (+223) Malta (+356) Marshall Islands (+1) Mauritania (+222) Mauritius (+230) Mexico (+52) Moldova (+373) Monaco (+377) Mongolia (+976) Montenegro (+382) Morocco (+212) Mozambique (+258) Myanmar (+95) Namibia (+264) Nepal (+977) Netherlands (+31) New Zealand (+64) Nicaragua (+505) Niger (+227) Nigeria (+234) Norway (+47) Oman (+968) Pakistan (+92) Palau (+680) Panama (+507) Papua New Guinea (+675) Paraguay (+595) Peru (+51) Philippines (+63) Poland (+48) Portugal (+351) Qatar (+974) Romania (+40) Rwanda (+250) Saint Kitts and Nevis (+1) Saint Lucia (+1) Saint Vincent and the Grenadines (+1) Samoa (+685) San Marino (+378) Saudi Arabia (+966) Senegal (+221) Serbia (+381) Seychelles (+248) Sierra Leone (+232) Singapore (+65) Sint Maarten (+1) Slovakia (+421) Slovenia (+386) Solomon Islands (+677) Somalia (+252) South Africa (+27) South Korea (+82) Spain (+34) Sri Lanka (+94) Sudan (+249) Suriname (+597) Sweden (+46) Switzerland (+41) Taiwan (+886) Tajikistan (+992) Tanzania (+255) Thailand (+66) Timor-Leste (+670) Togo (+228) Tonga (+676) Trinidad and Tobago (+1) Tunisia (+216) Turkey (+90) Turkmenistan (+993) Turks and Caicos (+1) Uganda (+256) Ukraine (+380) United Arab Emirates (+971) Uruguay (+598) Uzbekistan (+998) Vanuatu (+678) Venezuela (+58) Vietnam (+84) Yemen (+967) Zambia (+260) Zimbabwe (+263) Business email City Country or Region Select one United States United Kingdom Afghanistan Albania Algeria Andorra Angola Anguilla Antigua and Barbuda Argentina Armenia Australia Austria Azerbaijan Bahamas Bahrain Bangladesh Barbados Belgium Belize Bermuda Bhutan Bolivia Bosnia and Herzegovina Botswana Brazil Brunei Bulgaria Burkina Faso Burundi Cambodia Cameroon Canada Cape Verde Cayman Island Central African Republic Chile China Colombia Congo Costa Rica Cote D'ivoire Croatia Cyprus Czech Republic Denmark Domi... [content truncated]"
BNEF Electric Vehicle Outlook,https://about.bnef.com/electric-vehicle-outlook/,EVO Report 2024 | BloombergNEF | Bloomberg Finance LP,"Electric Vehicle Outlook 2024 Get the executive summary The Electric Vehicle Outlook is our annual long-term publication looking at how electrification, shared mobility, autonomous driving and other factors will impact road transport in the coming decades. The report draws on our team of specialists around the world and looks at scenarios for how these trends will impact the automotive, oil, electricity, infrastructure and battery materials markets, as well as CO2 emissions. The picture today EV sales Electric vehicle markets around the world are not all travelling in the same direction or at the same speed in 2024. Sales of EVs continue to rise globally, but some markets are experiencing a significant slowdown and many automakers have pushed back their EV targets. Progress varies by segment, with electric commercial vehicles set for another blistering year and segments like buses and two- and three-wheelers already reaching very high levels of electrification. All figures 2023 Passenger EV sales China still dominates the global EV market, but sales are rising quickly elsewhere too. Electric vehicles are no longer only a wealthy country phenomenon. Developing economies like Thailand, India, Turkey, Brazil and others are all experiencing record sales as more low-cost electric models are targeted at local buyers Global passenger EV sales by market Global passenger EV sales by market Global passenger EV sales by market Global passenger EV sales by market Global passenger EV sales by market Global passenger EV sales by drivetrain Global passenger EV sales by drivetrain Global passenger EV sales by drivetrain Global passenger EV sales by drivetrain Global passenger EV sales by drivetrain Source: BloombergNEF, Marklines, Jato. Note: Includes highway-capable passenger EVs. Excludes low-speed EVs, e-buses and commercial EVs. Number of public charging stations More and more charging points are being built, but each country will have its own optimal mix of home, workplace and public chargers. Cumulative global public charging connectors Source: Eco-Movement, BloombergNEF, AFDC, EVCIPA, various public and private sources. Cumulative global public charging connectors Source: Eco-Movement, BloombergNEF, AFDC, EVCIPA, various public and private sources. Cumulative global public charging connectors Source: Eco-Movement, BloombergNEF, AFDC, EVCIPA, various public and private sources. Cumulative global public charging connectors Source: Eco-Movement, BloombergNEF, AFDC, EVCIPA, various public and private sources. Cumulative global public charging connectors Source: Eco-Movement, BloombergNEF, AFDC, EVCIPA, various public and private sources. Oil displacement from EVs EVs of all types are already displacing 1.7 million barrels per day of oil usage, equivalent to about 3% of total road fuel demand. Oil displacement by vehicle segment Oil displacement from EVs EVs of all types are already displacing 1.7 million barrels per day of oil usage, equivalent to about 3% of total road fuel demand. Oil displacement by vehicle segment Oil displacement from EVs EVs of all types are already displacing 1.7 million barrels per day of oil usage, equivalent to about 3% of total road fuel demand. Oil displacement by vehicle segment Oil displacement from EVs EVs of all types are already displacing 1.7 million barrels per day of oil usage, equivalent to about 3% of total road fuel demand. Oil displacement by vehicle segment Oil displacement from EVs EVs of all types are already displacing 1.7 million barrels per day of oil usage, equivalent to about 3% of total road fuel demand. Oil displacement by vehicle segment All figures 2023 Lithium-ion battery demand Battery demand is rising quickly. Growth in battery demand for EVs has slowed slightly in the last year, but demand for stationary storage applications is rising faster than ever. Manufacturing of battery cells and the production of key battery components – such as cathodes, anodes, separators and electrolytes – is concentrated in China. Annual lithium-ion battery demand by application Source: BloombergNEF Lithium-ion battery demand Battery demand is rising quickly. Growth in battery demand for EVs has slowed slightly in the last year, but demand for stationary storage applications is rising faster than ever. Manufacturing of battery cells and the production of key battery components – such as cathodes, anodes, separators and electrolytes – is concentrated in China. Annual lithium-ion battery demand by application Source: BloombergNEF Lithium-ion battery demand Battery demand is rising quickly. Growth in battery demand for EVs has slowed slightly in the last year, but demand for stationary storage applications is rising faster than ever. Manufacturing of battery cells and the production of key battery components – such as cathodes, anodes, separators and electrolytes – is concentrated in China. Annual lithium-ion battery demand by application Source: BloombergNEF Lithium-ion battery demand Battery demand is rising quickly. Growth in battery demand for EVs has slowed slightly in the last year, but demand for stationary storage applications is rising faster than ever. Manufacturing of battery cells and the production of key battery components – such as cathodes, anodes, separators and electrolytes – is concentrated in China. Annual lithium-ion battery demand by application Source: BloombergNEF Lithium-ion battery demand Battery demand is rising quickly. Growth in battery demand for EVs has slowed slightly in the last year, but demand for stationary storage applications is rising faster than ever. Manufacturing of battery cells and the production of key battery components – such as cathodes, anodes, separators and electrolytes – is concentrated in China. Annual lithium-ion battery demand by application Source: BloombergNEF Reaching net zero by 2050 Reaching 2050 net-zero targets will require swift progress on renewable generation and on adoption of zero-emission vehicles. The report includes a “Net Zero” scenario which investigates what a potential route to carbon neutrality looks like across all segments of road transport by 2050. This year’s EV Outlook also includes three thematic highlights , each of which explores a different part of the transition in vehicle markets around the world: The Return of Plug-In Hybrids Compound annual growth rate for global passenger vehicle sales from 2019 to 2023, by drivetrain (%) Source: BloombergNEF, MarkLines, JATO Dynamics, auto associations. China’s Low-Cost Battery Push Lithium iron phosphate (LFP) battery cell prices ($/kWh) Source: BloombergNEF, ICC Battery. Note: 2023 price from BNEF’s Lithium-ion Battery Price Survey. 2024 price from Jan-Apr from ICC Battery. EV Driving Distances are Higher Than Expected Difference in annual battery electric vehicle kilometers traveled compared to internal combustion engine vehicles by market (%) Source: compiled by BloombergNEF from government agencies, academic institutions and auto associations. Key numbers 722 million Number of passenger EVs on the road in 2040 in the Economic Transition Scenario 380 million Gap in the number of electric passenger vehicles on the road between the Economic Transition Scenario and the Net Zero Scenario in 2040 $242 billion Size of the charging infrastructure market opportunity between today and 2050 in the Economic Transition Scenario 2027 Road transport oil demand peak 2028 Road transport emissions peak 8.3 petawatt hours Electricity demand from road transport in 2050 in the Net Zero Scenario Executive summary Enter your details below to download the executive summary and find out more on the implications of EV adoption for energy markets, raw materials, emissions, charging infrastructure and more. BNEF Clients BNEF clients can access the full report, including the breakdown by segment, technology and region, as well as the underlying Excel data and previous editions. Read the full report First name Last name Business email Business phone ‍ - United States (+1) United Kingdom (+44) Afghanistan (+93) Albania (+355) Algeria (+213) Andorra (+376) Angola (+244) Anguilla (+1) Antigua and Barbuda (+1) Argentina (+54) Armenia (+374) Australia (+61) Austria (+43) Azerbaijan (+994) Bahamas (+1) Bahrain (+973) Bangladesh (+880) Barbados (+1) Belgium (+32) Belize (+501) Bermuda (+1) Bhutan (+975) Bolivia (+591) Bosnia and Herzegovina (+387) Botswana (+267) Brazil (+55) Brunei (+673) Bulgaria (+359) Burkina Faso (+226) Burundi (+257) Cambodia (+855) Cameroon (+237) Canada (+1) Cape Verde (+238) Cayman Island (+1) Central African Republic (+236) Chile (+56) China (+86) Colombia (+57) Congo (+242) Costa Rica (+506) Cote D'ivoire (+225) Croatia (+385) Cyprus (+357) Czech Republic (+420) Denmark (+45) Dominica (+1) Dominican Republic (+1) Ecuador (+593) Egypt (+20) El Salvador (+503) Equatorial Guinea (+240) Estonia (+372) Eswatini (+268) Ethiopia (+251) Faroe Islands (+298) Fiji (+679) Finland (+358) France (+33) French Guiana (+594) French Polynesia (+689) Gabon (+241) Gambia (+1) Georgia (+995) Germany (+49) Ghana (+233) Gibraltar (+350) Greece (+30) Greenland (+299) Grenada (+1) Guam (+1) Guatemala (+502) Guinea (+224) Guyana (+592) Haiti (+509) Holy See (Vatican City State) (+39) Honduras (+504) Hong Kong (+852) Hungary (+36) Iceland (+354) India (+91) Indonesia (+62) Iraq (+964) Ireland (+353) Israel (+972) Italy (+39) Jamaica (+1) Japan (+81) Jordan (+962) Kazakhstan (+7) Kenya (+254) Kuwait (+965) Kyrgyzstan (+996) Laos (+856) Latvia (+371) Lebanon (+961) Lesotho (+266) Liberia (+231) Libya (+218) Liechtenstein (+423) Lithuania (+370) Luxembourg (+352) Macau (+853) Macedonia (+389) Madagascar (+261) Malawi (+265) Malaysia (+60) Maldives (+960) Mali (+223) Malta (+356) Marshall Islands (+1) Mauritania (+222) Mauritius (+230) Mexico (+52) Moldova (+373) Monaco (+377) Mongolia (+976) Montenegro (+382) Morocco (+212) Mozambique (+258) Myanmar (+95) Namibia (+264) Nepal (+977) Netherlands (+31) ... [content truncated]"
BNEF Energy Transition Investment,https://about.bnef.com/energy-transition-investment/,Energy Transition Investment Trends 2025 | BloombergNEF,"Energy Transition Investment Trends BNEF tracks investment in the global energy transition, covering everything from renewables and nuclear to electrified transport and heat, hydrogen, carbon capture and sustainable materials. Explore the latest trends in our 2025 edition. GET THE REPORT SUMMARY Overview Report The definitive resource for clean energy investment Energy Transition Investment Trends is BloombergNEF’s annual review of global investment in the low-carbon energy transition. It covers a wide scope of sectors central to the transition, including renewable energy, energy storage, nuclear, hydrogen, carbon capture, electrified transport and buildings, clean industry, clean shipping and power grids. The report also tracks investment in the clean energy supply chain, VC/PE and public markets investment in climate-tech companies, and debt issuance by companies, governments and projects for energy transition purposes. The figures are compiled through a combination of bottom-up research on hundreds of thousands of individual deals and projects, aggregated estimates for consumer-led technologies, Bloomberg terminal data and other third-party sources. Press Release Global investment in the energy transition hit $2.1 trillion in 2024, up 11% on the previous year and a new record Read more Five Energy Transition Lessons for 2025 Alongside the investment trends report, our Deputy CEO, Albert Cheung, discusses five key lessons that will shape the energy transition from 2025 and beyond. Read more Get the free summary report A high-level summary of the Energy Transition Investment Trends 2025 report is available online at the link below. BNEF clients can access the full report here or on the Bloomberg Terminal. First name Last name Business email Business phone ‍ - United States (+1) United Kingdom (+44) Afghanistan (+93) Albania (+355) Algeria (+213) Andorra (+376) Angola (+244) Anguilla (+1) Antigua and Barbuda (+1) Argentina (+54) Armenia (+374) Australia (+61) Austria (+43) Azerbaijan (+994) Bahamas (+1) Bahrain (+973) Bangladesh (+880) Barbados (+1) Belgium (+32) Belize (+501) Bermuda (+1) Bhutan (+975) Bolivia (+591) Bosnia and Herzegovina (+387) Botswana (+267) Brazil (+55) Brunei (+673) Bulgaria (+359) Burkina Faso (+226) Burundi (+257) Cambodia (+855) Cameroon (+237) Canada (+1) Cape Verde (+238) Cayman Island (+1) Central African Republic (+236) Chile (+56) China (+86) Colombia (+57) Congo (+242) Costa Rica (+506) Cote D'ivoire (+225) Croatia (+385) Cyprus (+357) Czech Republic (+420) Denmark (+45) Dominica (+1) Dominican Republic (+1) Ecuador (+593) Egypt (+20) El Salvador (+503) Equatorial Guinea (+240) Estonia (+372) Eswatini (+268) Ethiopia (+251) Faroe Islands (+298) Fiji (+679) Finland (+358) France (+33) French Guiana (+594) French Polynesia (+689) Gabon (+241) Gambia (+1) Georgia (+995) Germany (+49) Ghana (+233) Gibraltar (+350) Greece (+30) Greenland (+299) Grenada (+1) Guam (+1) Guatemala (+502) Guinea (+224) Guyana (+592) Haiti (+509) Holy See (Vatican City State) (+39) Honduras (+504) Hong Kong (+852) Hungary (+36) Iceland (+354) India (+91) Indonesia (+62) Iraq (+964) Ireland (+353) Israel (+972) Italy (+39) Jamaica (+1) Japan (+81) Jordan (+962) Kazakhstan (+7) Kenya (+254) Kuwait (+965) Kyrgyzstan (+996) Laos (+856) Latvia (+371) Lebanon (+961) Lesotho (+266) Liberia (+231) Libya (+218) Liechtenstein (+423) Lithuania (+370) Luxembourg (+352) Macau (+853) Macedonia (+389) Madagascar (+261) Malawi (+265) Malaysia (+60) Maldives (+960) Mali (+223) Malta (+356) Marshall Islands (+1) Mauritania (+222) Mauritius (+230) Mexico (+52) Moldova (+373) Monaco (+377) Mongolia (+976) Montenegro (+382) Morocco (+212) Mozambique (+258) Myanmar (+95) Namibia (+264) Nepal (+977) Netherlands (+31) New Zealand (+64) Nicaragua (+505) Niger (+227) Nigeria (+234) Norway (+47) Oman (+968) Pakistan (+92) Palau (+680) Panama (+507) Papua New Guinea (+675) Paraguay (+595) Peru (+51) Philippines (+63) Poland (+48) Portugal (+351) Qatar (+974) Romania (+40) Rwanda (+250) Saint Kitts and Nevis (+1) Saint Lucia (+1) Saint Vincent and the Grenadines (+1) Samoa (+685) San Marino (+378) Saudi Arabia (+966) Senegal (+221) Serbia (+381) Seychelles (+248) Sierra Leone (+232) Singapore (+65) Sint Maarten (+1) Slovakia (+421) Slovenia (+386) Solomon Islands (+677) Somalia (+252) South Africa (+27) South Korea (+82) Spain (+34) Sri Lanka (+94) Sudan (+249) Suriname (+597) Sweden (+46) Switzerland (+41) Taiwan (+886) Tajikistan (+992) Tanzania (+255) Thailand (+66) Timor-Leste (+670) Togo (+228) Tonga (+676) Trinidad and Tobago (+1) Tunisia (+216) Turkey (+90) Turkmenistan (+993) Turks and Caicos (+1) Uganda (+256) Ukraine (+380) United Arab Emirates (+971) Uruguay (+598) Uzbekistan (+998) Vanuatu (+678) Venezuela (+58) Vietnam (+84) Yemen (+967) Zambia (+260) Zimbabwe (+263) Company Job role Select one Accountant / Controller Administrative / Assistant Analyst Application Developer Application Owner Back Office Broker Business Development / Sales Business Manager Capital Markets Cash Manager Chief Compliance Officer Chief Data Officer Chief Diversity Officer Chief Executive Officer Chief Financial Officer Chief Information Officer Chief Investment Officer Chief of Staff Chief Operating Officer Chief Risk Officer Chief Sustainability Officer Chief Technology Officer Client Services Collateral Management Compliance Consultant Control Owner Corporate Access Corporate Communications Corporate Development Corporate Finance Desk Head Development / Fundraiser Economist Engineer Enterprise Architect Executive Officer Faculty Financial Advisor Global Head Government Affairs Government Contracting Government Official Head of Digital Insurance Underwriter Intern Investment Banker Investor Relations Lawyer Loan Officer Market Data / Technology Market Maker Marketing Media Middle Office News Editor Originator Portfolio Manager Prime Broker Private Banker Private Equity Procurement Product Control Product Manager Professor Project Manager Proprietary Trader Quant Recruiter Regional Head Registered Investment Advisor Regulatory Reporting Research Admin Research Sales Risk Manager Sales Assistant / Trading Assistant Sales Support Sales Trader Salesperson Securities Lending Settlements Strategist Structurer Student Syndicator System Administrator Technical Support Technology Trade Support Trader Treasurer Venture Capitalist Not Applicable City Country or region Select one United States United Kingdom Afghanistan Albania Algeria Andorra Angola Anguilla Antigua and Barbuda Argentina Armenia Australia Austria Azerbaijan Bahamas Bahrain Bangladesh Barbados Belgium Belize Bermuda Bhutan Bolivia Bosnia and Herzegovina Botswana Brazil Brunei Bulgaria Burkina Faso Burundi Cambodia Cameroon Canada Cape Verde Cayman Island Central African Republic Chile China Colombia Congo Costa Rica Cote D'ivoire Croatia Cyprus Czech Republic Denmark Dominica Dominican Republic Ecuador Egypt El Salvador Equatorial Guinea Estonia Eswatini Ethiopia Faroe Islands Fiji Finland France French Guiana French Polynesia Gabon Gambia Georgia Germany Ghana Gibraltar Greece Greenland Grenada Guam Guatemala Guinea Guyana Haiti Holy See (Vatican City State) Honduras Hong Kong Hungary Iceland India Indonesia Iraq Ireland Israel Italy Jamaica Japan Jordan Kazakhstan Kenya Kuwait Kyrgyzstan Laos Latvia Lebanon Lesotho Liberia Libya Liechtenstein Lithuania Luxembourg Macau Macedonia Madagascar Malawi Malaysia Maldives Mali Malta Marshall Islands Mauritania Mauritius Mexico Moldova Monaco Mongolia Montenegro Morocco Mozambique Myanmar Namibia Nepal Netherlands New Zealand Nicaragua Niger Nigeria Norway Oman Pakistan Palau Panama Papua New Guinea Paraguay Peru Philippines Poland Portugal Qatar Romania Rwanda Saint Kitts and Nevis Saint Lucia Saint Vincent and the Grenadines Samoa San Marino Saudi Arabia Senegal Serbia Seychelles Sierra Leone Singapore Sint Maarten Slovakia Slovenia Solomon Islands Somalia South Africa South Korea Spain Sri Lanka Sudan Suriname Sweden Switzerland Taiwan Tajikistan Tanzania Thailand Timor-Leste Togo Tonga Trinidad and Tobago Tunisia Turkey Turkmenistan Turks and Caicos Uganda Ukraine United Arab Emirates Uruguay Uzbekistan Vanuatu Venezuela Vietnam Yemen Zambia Zimbabwe State or province Option 1 Option 2 Option 3 Yes, I would like to be contacted by a representative to learn more about Bloomberg's solutions and services. Are you/your division responsible for setting strategy at your organization? Optional Select one Yes No Do you use/plan to use research services as part of your planning? Optional Select one Yes No Select any themes you are interested in: Optional Advanced transport (e.g.: electric vehicles, mobility, commercial vehicles) Buildings and industry (e.g.: circular economy, heating & cooling) Clean power (e.g.: solar, wind, storage, decentralized energy, power networks) Commodities (e.g.: oil and gas, metals, chemicals, agriculture) Cross-cutting technologies (e.g.: digitalization, hydrogen, carbon capture) Stay informed Yes, Subscribe me to the BloombergNEF Month in Review By submitting this information, I agree to the privacy policy and to learn more about products and services from Bloomberg. This site is protected by reCAPTCHA and the Google Privacy Policy and Terms of Service apply. SUBMIT"
BNEF Summit,https://about.bnef.com/summit/,BNEF Summit | BloombergNEF | Bloomberg Finance LP,"BNEF Summit London Munich New Delhi New York San Francisco Shanghai Beijing Houston Ideas, insights and connections for a cleaner, more competitive future. The BNEF Summit has been convening leaders in energy, industry, transport, technology, finance and government since 2008, generating ideas, delivering insight, and making the connections that help them formulate successful strategies, capitalize on technological change and shape a cleaner, more competitive future."
BNEF Summit Partnership Partners,https://about.bnef.com/summit/partnership/#toc-partners,Partnership | BloombergNEF | Bloomberg Finance LP,"Make powerful connections Learn more Learn Partners Become a BNEF Summit Partner BNEF Summits in London, New York, New Delhi, Munich, Shanghai and San Francisco offer Sponsors the opportunity to not only showcase their brand, but shape the conversation through their own sessions. As the economy transitions to a cleaner, more competitive future, the BNEF Summit enables Sponsors to connect with a highly select audience through a perfectly-aligned series of events in key markets around the world. Senior, engaged and well connected, BNEF Summit delegates recognise and value industry leadership – and are eager to learn from companies spearheading the long-term shift to new business models and new systems thinking. Offering a bespoke, white glove service across a range of sponsorship tiers, BNEF integrates Partners directly into the Summit agenda. Learn more about the Partner experience Get an overview of each summit and view options for getting involved. Download the brochure Ready to get involved? Want to receive more information about our summits? Contact us at bnefsummit@bloomberg.net . Hear from other Summit Partners Welcome remarks from Mitsubishi Close Previous Next Welcome remarks from Mitsubishi https://about.bnef.com/summit/london/videos/?vid=824073466 Welcome remarks from Schneider Electric Close Previous Next Welcome remarks from Schneider Electric https://about.bnef.com/summit/london/videos/?vid=824130882 Check out photo highlights from past summits . Thank you to our previous Partners and Sponsors!"
BNEF Summit Partnership Video 824073466,https://about.bnef.com/summit/partnership/?vid=824073466,Partnership | BloombergNEF | Bloomberg Finance LP,"Make powerful connections Learn more Learn Partners Become a BNEF Summit Partner BNEF Summits in London, New York, New Delhi, Munich, Shanghai and San Francisco offer Sponsors the opportunity to not only showcase their brand, but shape the conversation through their own sessions. As the economy transitions to a cleaner, more competitive future, the BNEF Summit enables Sponsors to connect with a highly select audience through a perfectly-aligned series of events in key markets around the world. Senior, engaged and well connected, BNEF Summit delegates recognise and value industry leadership – and are eager to learn from companies spearheading the long-term shift to new business models and new systems thinking. Offering a bespoke, white glove service across a range of sponsorship tiers, BNEF integrates Partners directly into the Summit agenda. Learn more about the Partner experience Get an overview of each summit and view options for getting involved. Download the brochure Ready to get involved? Want to receive more information about our summits? Contact us at bnefsummit@bloomberg.net . Hear from other Summit Partners Welcome remarks from Mitsubishi Close Previous Next Welcome remarks from Mitsubishi https://about.bnef.com/summit/london/videos/?vid=824073466 Welcome remarks from Schneider Electric Close Previous Next Welcome remarks from Schneider Electric https://about.bnef.com/summit/london/videos/?vid=824130882 Check out photo highlights from past summits . Thank you to our previous Partners and Sponsors!"
BNEF Summit Partnership Top,https://about.bnef.com/summit/partnership/#top,Partnership | BloombergNEF | Bloomberg Finance LP,"Make powerful connections Learn more Learn Partners Become a BNEF Summit Partner BNEF Summits in London, New York, New Delhi, Munich, Shanghai and San Francisco offer Sponsors the opportunity to not only showcase their brand, but shape the conversation through their own sessions. As the economy transitions to a cleaner, more competitive future, the BNEF Summit enables Sponsors to connect with a highly select audience through a perfectly-aligned series of events in key markets around the world. Senior, engaged and well connected, BNEF Summit delegates recognise and value industry leadership – and are eager to learn from companies spearheading the long-term shift to new business models and new systems thinking. Offering a bespoke, white glove service across a range of sponsorship tiers, BNEF integrates Partners directly into the Summit agenda. Learn more about the Partner experience Get an overview of each summit and view options for getting involved. Download the brochure Ready to get involved? Want to receive more information about our summits? Contact us at bnefsummit@bloomberg.net . Hear from other Summit Partners Welcome remarks from Mitsubishi Close Previous Next Welcome remarks from Mitsubishi https://about.bnef.com/summit/london/videos/?vid=824073466 Welcome remarks from Schneider Electric Close Previous Next Welcome remarks from Schneider Electric https://about.bnef.com/summit/london/videos/?vid=824130882 Check out photo highlights from past summits . Thank you to our previous Partners and Sponsors!"
BNEF Summit London Video 824073466,https://about.bnef.com/summit/london/videos/?vid=824073466,Videos | BloombergNEF | Bloomberg Finance LP,"BNEF Summit Where energy, finance and technology converge London | October 14-15, 2025 Impactful thought leadership Watch a selection of BNEF Talks and executive interviews from the 2024 Summit below. Fireside Chat with the European Investment Bank Thomas Östros, Vice President, European Investment Bank Group. Moderated by Rachel Morison, Team Lead for Power, Gas, Renewables, Bloomberg LP Close Previous Next Fireside Chat with the European Investment Bank https://about.bnef.com/summit/london/videos/?vid=1017823608 Executive Dialogue: Navigating the Energy Transition: ENI's Dual Strategy for Renewables and Gas Guido Brusco, Chief Operating Officer, Global Natural Resources, Eni Moderated by Tom Mackenzie, Anchor, Bloomberg TV Close Previous Next Executive Dialogue: Navigating the Energy Transition: ENI's Dual Strategy for Renewables and Gas https://about.bnef.com/summit/london/videos/?vid=1018231399 Executive Dialogue: Sustainable Fuels in Shipping and Power Håkan Agnevall, President & Chief Executive Officer, Wartsila Moderated by David Hostert, Global Head of Economics & Modeling, BloombergNEF Close Previous Next Executive Dialogue: Sustainable Fuels in Shipping and Power https://about.bnef.com/summit/london/videos/?vid=1018231399 BNEF Talk: Energy Transition: The Decisive Decade Jon Moore, Chief Executive Officer, BloombergNEF Close Previous Next BNEF Talk: Energy Transition: The Decisive Decade https://about.bnef.com/summit/london/videos/?vid=1017939115 BNEF Talk: Who Are the Next New Entrants in Clean Energy? Rose Oates, Renewable Fuels Associate, BloombergNEF Meredith Annex, Head of Clean Power Research, BloombergNEF Close Previous Next BNEF Talk: Who Are the Next New Entrants in Clean Energy? https://about.bnef.com/summit/london/videos/?vid=1018404148 BNEF Talk: Land-Use in a Net-Zero World: The Race for Space Kostas Pegios, Senior Associate, Energy Systems Modeling, BloombergNEF Close Previous Next BNEF Talk: Land-Use in a Net-Zero World: The Race for Space https://about.bnef.com/summit/london/videos/?vid=1018231346 BNEF Talk: Energy and Climate Scenarios: Usefulness, Gaps, Measuring Progress David Hostert, Global Head of Economics & Modeling, BloombergNEF Close Previous Next BNEF Talk: Energy and Climate Scenarios: Usefulness, Gaps, Measuring Progress https://about.bnef.com/summit/london/videos/?vid=1018406234 BNEF Talk: Hydrogen - The End of the Hype Cycle? Sami Alisawi, Hydrogen Analyst, BloombergNEF Close Previous Next BNEF Talk: Hydrogen - The End of the Hype Cycle? https://about.bnef.com/summit/london/videos/?vid=1018231284 BNEF Talk: Can Energy Storage Save Solar From Cannibalizing Itself? Nelson Nsitem, Analyst, Energy Storage, BloombergNEF Close Previous Next BNEF Talk: Can Energy Storage Save Solar From Cannibalizing Itself? https://about.bnef.com/summit/london/videos/?vid=1017824720"
BNEF Summit Partnership Video 824130882,https://about.bnef.com/summit/partnership/?vid=824130882,Partnership | BloombergNEF | Bloomberg Finance LP,"Make powerful connections Learn more Learn Partners Become a BNEF Summit Partner BNEF Summits in London, New York, New Delhi, Munich, Shanghai and San Francisco offer Sponsors the opportunity to not only showcase their brand, but shape the conversation through their own sessions. As the economy transitions to a cleaner, more competitive future, the BNEF Summit enables Sponsors to connect with a highly select audience through a perfectly-aligned series of events in key markets around the world. Senior, engaged and well connected, BNEF Summit delegates recognise and value industry leadership – and are eager to learn from companies spearheading the long-term shift to new business models and new systems thinking. Offering a bespoke, white glove service across a range of sponsorship tiers, BNEF integrates Partners directly into the Summit agenda. Learn more about the Partner experience Get an overview of each summit and view options for getting involved. Download the brochure Ready to get involved? Want to receive more information about our summits? Contact us at bnefsummit@bloomberg.net . Hear from other Summit Partners Welcome remarks from Mitsubishi Close Previous Next Welcome remarks from Mitsubishi https://about.bnef.com/summit/london/videos/?vid=824073466 Welcome remarks from Schneider Electric Close Previous Next Welcome remarks from Schneider Electric https://about.bnef.com/summit/london/videos/?vid=824130882 Check out photo highlights from past summits . Thank you to our previous Partners and Sponsors!"
